Achieved_Revenue,Optimal_Revenue,Difference,Run_Number
75024.0,117678.0,36.2,1
77832.0,95052.0,18.1,2
74064.0,96840.0,23.5,3
81396.0,107136.0,24.0,4
76944.0,99300.0,22.5,5
76980.0,96264.0,20.0,6
74568.0,110688.0,32.6,7
75720.0,76644.0,1.2,8
75684.0,92412.0,18.1,9
75168.0,120000.0,37.4,10
79014.0,93192.0,15.2,11
78816.0,108666.0,27.5,12
77274.0,109422.0,29.4,13
76296.0,97776.0,22.0,14
75168.0,93900.0,19.9,15
56736.0,56736.0,0.0,16
83142.0,95304.0,12.8,17
77196.0,93600.0,17.5,18
79992.0,98466.0,18.8,19
78054.0,85248.0,8.4,20
77082.0,107070.0,28.0,21
75144.0,120000.0,37.4,22
74616.0,114330.0,34.7,23
73368.0,79380.0,7.6,24
75720.0,101382.0,25.3,25
77274.0,113862.0,32.1,26
80820.0,106254.0,23.9,27
81720.0,120000.0,31.9,28
76200.0,101856.0,25.2,29
78816.0,107076.0,26.4,30
73704.0,83148.0,11.4,31
70944.0,72852.0,2.6,32
74232.0,110268.0,32.7,33
70854.0,71988.0,1.6,34
81660.0,102324.0,20.2,35
80280.0,114432.0,29.8,36
77028.0,92040.0,16.3,37
81252.0,118836.0,31.6,38
79104.0,101862.0,22.3,39
82800.0,116028.0,28.6,40
74664.0,86352.0,13.5,41
79764.0,106242.0,24.9,42
76764.0,84300.0,8.9,43
80802.0,120000.0,32.7,44
75216.0,116094.0,35.2,45
80352.0,80352.0,0.0,46
87324.0,89376.0,2.3,47
76428.0,107688.0,29.0,48
77400.0,97602.0,20.7,49
79956.0,120000.0,33.4,50
84936.0,110052.0,22.8,51
73584.0,86400.0,14.8,52
74904.0,114900.0,34.8,53
80388.0,112236.0,28.4,54
80976.0,89532.0,9.6,55
82092.0,111894.0,26.6,56
80748.0,88590.0,8.9,57
85626.0,120000.0,28.6,58
82044.0,107028.0,23.3,59
75498.0,92508.0,18.4,60
80376.0,82884.0,3.0,61
76800.0,89172.0,13.9,62
76488.0,114198.0,33.0,63
57636.0,58392.0,1.3,64
78864.0,109452.0,27.9,65
73320.0,80604.0,9.0,66
93258.0,120000.0,22.3,67
80760.0,113106.0,28.6,68
78816.0,101574.0,22.4,69
74328.0,106356.0,30.1,70
73464.0,84204.0,12.8,71
74520.0,110562.0,32.6,72
73524.0,74568.0,1.4,73
76704.0,108870.0,29.5,74
77580.0,111240.0,30.3,75
91176.0,103566.0,12.0,76
77364.0,104052.0,25.6,77
90564.0,115314.0,21.5,78
78300.0,84888.0,7.8,79
76980.0,117114.0,34.3,80
76368.0,114024.0,33.0,81
76632.0,84534.0,9.3,82
80454.0,103266.0,22.1,83
74604.0,75888.0,1.7,84
76968.0,117114.0,34.3,85
76002.0,106524.0,28.7,86
87690.0,119640.0,26.7,87
76788.0,108900.0,29.5,88
79830.0,106842.0,25.3,89
79896.0,107658.0,25.8,90
75024.0,116604.0,35.7,91
76212.0,109986.0,30.7,92
75114.0,96912.0,22.5,93
69906.0,74820.0,6.6,94
65346.0,69468.0,5.9,95
79104.0,107622.0,26.5,96
80388.0,120000.0,33.0,97
75660.0,110742.0,31.7,98
77124.0,82434.0,6.4,99
82356.0,112860.0,27.0,100
75888.0,96960.0,21.7,101
80952.0,118134.0,31.5,102
76590.0,105048.0,27.1,103
86262.0,102444.0,15.8,104
80472.0,112038.0,28.2,105
78468.0,120000.0,34.6,106
78972.0,100662.0,21.5,107
76632.0,95700.0,19.9,108
79104.0,99282.0,20.3,109
78582.0,105774.0,25.7,110
74748.0,79596.0,6.1,111
74064.0,98142.0,24.5,112
81300.0,90924.0,10.6,113
74484.0,98250.0,24.2,114
79176.0,104232.0,24.0,115
78630.0,99636.0,21.1,116
86508.0,103350.0,16.3,117
84468.0,103932.0,18.7,118
85980.0,100968.0,14.8,119
74844.0,98226.0,23.8,120
79932.0,106980.0,25.3,121
77592.0,115734.0,33.0,122
72036.0,72036.0,0.0,123
79956.0,108654.0,26.4,124
76152.0,107670.0,29.3,125
73728.0,91128.0,19.1,126
18132.0,18804.0,3.6,127
74424.0,80592.0,7.7,128
85134.0,116448.0,26.9,129
74568.0,107490.0,30.6,130
78468.0,104352.0,24.8,131
74364.0,75504.0,1.5,132
78726.0,97704.0,19.4,133
73584.0,85200.0,13.6,134
73944.0,97224.0,23.9,135
78324.0,89580.0,12.6,136
81486.0,99108.0,17.8,137
76128.0,99096.0,23.2,138
74304.0,102024.0,27.2,139
78876.0,120000.0,34.3,140
84360.0,117648.0,28.3,141
79728.0,99810.0,20.1,142
87144.0,111024.0,21.5,143
79416.0,112212.0,29.2,144
78846.0,109740.0,28.2,145
30900.0,33000.0,6.4,146
81900.0,109446.0,25.2,147
84048.0,99912.0,15.9,148
74406.0,90150.0,17.5,149
78318.0,85092.0,8.0,150
78108.0,115788.0,32.5,151
78288.0,117762.0,33.5,152
77136.0,102534.0,24.8,153
73656.0,87960.0,16.3,154
78210.0,90828.0,13.9,155
79548.0,99492.0,20.0,156
78252.0,115392.0,32.2,157
76260.0,102252.0,25.4,158
67956.0,68784.0,1.2,159
67044.0,67044.0,0.0,160
78372.0,104934.0,25.3,161
77784.0,95688.0,18.7,162
83574.0,113262.0,26.2,163
80412.0,105174.0,23.5,164
81306.0,104526.0,22.2,165
84156.0,104208.0,19.2,166
74400.0,102102.0,27.1,167
74112.0,102210.0,27.5,168
74328.0,101946.0,27.1,169
77124.0,109380.0,29.5,170
76584.0,102030.0,24.9,171
82692.0,84012.0,1.6,172
81048.0,113880.0,28.8,173
58644.0,59232.0,1.0,174
75624.0,104790.0,27.8,175
77712.0,113694.0,31.6,176
97440.0,118890.0,18.0,177
77028.0,112872.0,31.8,178
76560.0,110148.0,30.5,179
74352.0,100974.0,26.4,180
52284.0,54240.0,3.6,181
80628.0,103194.0,21.9,182
78336.0,89340.0,12.3,183
77754.0,79032.0,1.6,184
79278.0,113076.0,29.9,185
77982.0,91248.0,14.5,186
44820.0,44820.0,0.0,187
78072.0,119094.0,34.4,188
74112.0,99750.0,25.7,189
74592.0,104298.0,28.5,190
58380.0,60552.0,3.6,191
83700.0,111768.0,25.1,192
76200.0,88248.0,13.7,193
73776.0,92748.0,20.5,194
73920.0,95460.0,22.6,195
76074.0,97662.0,22.1,196
79560.0,105426.0,24.5,197
81708.0,115146.0,29.0,198
74622.0,90480.0,17.5,199
74748.0,83736.0,10.7,200
43764.0,43764.0,0.0,201
82248.0,105234.0,21.8,202
73920.0,98526.0,25.0,203
75336.0,78636.0,4.2,204
89358.0,107742.0,17.1,205
80964.0,114978.0,29.6,206
74304.0,106770.0,30.4,207
74232.0,106206.0,30.1,208
81156.0,104892.0,22.6,209
73440.0,89388.0,17.8,210
79236.0,92268.0,14.1,211
78024.0,101394.0,23.0,212
83484.0,96564.0,13.5,213
87774.0,120000.0,26.9,214
80598.0,84816.0,5.0,215
76656.0,110820.0,30.8,216
77748.0,102114.0,23.9,217
82212.0,120000.0,31.5,218
73656.0,96444.0,23.6,219
73872.0,98256.0,24.8,220
77166.0,94800.0,18.6,221
74208.0,104514.0,29.0,222
76026.0,78432.0,3.1,223
75312.0,120000.0,37.2,224
78066.0,82722.0,5.6,225
73752.0,84372.0,12.6,226
73488.0,83904.0,12.4,227
81048.0,115068.0,29.6,228
74016.0,100338.0,26.2,229
85818.0,105780.0,18.9,230
78228.0,107676.0,27.3,231
76872.0,92292.0,16.7,232
83184.0,100236.0,17.0,233
74868.0,83856.0,10.7,234
81912.0,103176.0,20.6,235
75120.0,119154.0,37.0,236
78594.0,93312.0,15.8,237
77280.0,107568.0,28.2,238
74928.0,120000.0,37.6,239
57384.0,60600.0,5.3,240
74016.0,102882.0,28.1,241
79092.0,99510.0,20.5,242
74592.0,107640.0,30.7,243
53076.0,53892.0,1.5,244
78792.0,105276.0,25.2,245
74892.0,93444.0,19.9,246
75996.0,84672.0,10.2,247
74064.0,96024.0,22.9,248
77964.0,110946.0,29.7,249
77124.0,83832.0,8.0,250
75264.0,118104.0,36.3,251
75504.0,90660.0,16.7,252
76968.0,112368.0,31.5,253
82680.0,101430.0,18.5,254
78270.0,97296.0,19.6,255
74088.0,101376.0,26.9,256
62112.0,62112.0,0.0,257
82164.0,97482.0,15.7,258
73488.0,79860.0,8.0,259
84888.0,106302.0,20.1,260
73632.0,89388.0,17.6,261
74400.0,108330.0,31.3,262
74400.0,110982.0,33.0,263
74616.0,110622.0,32.5,264
76116.0,94680.0,19.6,265
74400.0,110652.0,32.8,266
74700.0,89172.0,16.2,267
77544.0,120000.0,35.4,268
85494.0,104292.0,18.0,269
78768.0,107376.0,26.6,270
74088.0,99318.0,25.4,271
8190.0,8460.0,3.2,272
84846.0,119340.0,28.9,273
75048.0,99888.0,24.9,274
84588.0,120000.0,29.5,275
75108.0,86952.0,13.6,276
82332.0,100434.0,18.0,277
77868.0,101760.0,23.5,278
73560.0,91296.0,19.4,279
68166.0,73152.0,6.8,280
75624.0,90324.0,16.3,281
78732.0,100380.0,21.6,282
76560.0,118008.0,35.1,283
74544.0,107892.0,30.9,284
76968.0,98106.0,21.5,285
80196.0,111108.0,27.8,286
78576.0,84300.0,6.8,287
88224.0,105684.0,16.5,288
79104.0,98274.0,19.5,289
74664.0,109134.0,31.6,290
77376.0,100674.0,23.1,291
78384.0,117558.0,33.3,292
73488.0,89400.0,17.8,293
77988.0,120000.0,35.0,294
84324.0,104940.0,19.6,295
78492.0,99552.0,21.2,296
75480.0,98892.0,23.7,297
77436.0,103704.0,25.3,298
78528.0,95964.0,18.2,299
75078.0,88908.0,15.6,300
77364.0,114858.0,32.6,301
75270.0,99744.0,24.5,302
78024.0,114588.0,31.9,303
74964.0,94008.0,20.3,304
87258.0,108654.0,19.7,305
74760.0,114330.0,34.6,306
76308.0,80298.0,5.0,307
38010.0,40620.0,6.4,308
77088.0,110280.0,30.1,309
74790.0,89220.0,16.2,310
72756.0,75276.0,3.3,311
75672.0,75816.0,0.2,312
75168.0,95604.0,21.4,313
74256.0,107478.0,30.9,314
80700.0,120000.0,32.8,315
73704.0,81612.0,9.7,316
77826.0,100746.0,22.8,317
78330.0,103278.0,24.2,318
78132.0,97716.0,20.0,319
82848.0,113676.0,27.1,320
82620.0,108228.0,23.7,321
79380.0,93960.0,15.5,322
75552.0,96012.0,21.3,323
88458.0,105456.0,16.1,324
75072.0,112332.0,33.2,325
82128.0,101424.0,19.0,326
80268.0,103086.0,22.1,327
81996.0,120000.0,31.7,328
75240.0,97620.0,22.9,329
76164.0,101088.0,24.7,330
62586.0,67176.0,6.8,331
77100.0,111996.0,31.2,332
76032.0,83808.0,9.3,333
76128.0,110184.0,30.9,334
83256.0,99504.0,16.3,335
78216.0,106530.0,26.6,336
41304.0,42684.0,3.2,337
76428.0,88872.0,14.0,338
78882.0,107238.0,26.4,339
80304.0,115566.0,30.5,340
74088.0,100992.0,26.6,341
75000.0,117258.0,36.0,342
77778.0,100770.0,22.8,343
74712.0,93018.0,19.7,344
76920.0,104928.0,26.7,345
75264.0,100614.0,25.2,346
81468.0,109182.0,25.4,347
77292.0,109272.0,29.3,348
74904.0,115524.0,35.2,349
76704.0,106362.0,27.9,350
74904.0,111348.0,32.7,351
73872.0,85548.0,13.6,352
69288.0,69288.0,0.0,353
73704.0,95016.0,22.4,354
75504.0,120000.0,37.1,355
75744.0,92208.0,17.9,356
75900.0,90528.0,16.2,357
74256.0,99528.0,25.4,358
75120.0,101760.0,26.2,359
74208.0,105132.0,29.4,360
75144.0,88656.0,15.2,361
85140.0,94296.0,9.7,362
80796.0,120000.0,32.7,363
36768.0,37308.0,1.4,364
73536.0,84936.0,13.4,365
75264.0,120000.0,37.3,366
74544.0,110682.0,32.7,367
86760.0,113130.0,23.3,368
82692.0,115434.0,28.4,369
82584.0,110148.0,25.0,370
74304.0,109830.0,32.3,371
82020.0,120000.0,31.6,372
75552.0,102114.0,26.0,373
75192.0,120000.0,37.3,374
76284.0,80556.0,5.3,375
82356.0,105546.0,22.0,376
81288.0,114516.0,29.0,377
81060.0,102612.0,21.0,378
76434.0,97320.0,21.5,379
74544.0,110634.0,32.6,380
74544.0,75720.0,1.6,381
98772.0,114402.0,13.7,382
74064.0,101094.0,26.7,383
77844.0,94980.0,18.0,384
77256.0,81192.0,4.8,385
75036.0,81216.0,7.6,386
83232.0,103932.0,19.9,387
76284.0,100008.0,23.7,388
84324.0,120000.0,29.7,389
78834.0,120000.0,34.3,390
73968.0,104244.0,29.0,391
87978.0,108510.0,18.9,392
80088.0,106152.0,24.6,393
77496.0,120000.0,35.4,394
79938.0,111774.0,28.5,395
47184.0,48372.0,2.5,396
75936.0,105480.0,28.0,397
74328.0,105210.0,29.4,398
78150.0,107424.0,27.3,399
82056.0,120000.0,31.6,400
47394.0,50940.0,7.0,401
74328.0,100218.0,25.8,402
75252.0,87600.0,14.1,403
83706.0,98598.0,15.1,404
76620.0,105618.0,27.5,405
78612.0,120000.0,34.5,406
78420.0,108798.0,27.9,407
78204.0,115230.0,32.1,408
78396.0,103212.0,24.0,409
78264.0,90816.0,13.8,410
85062.0,120000.0,29.1,411
73776.0,84756.0,13.0,412
66858.0,71376.0,6.3,413
74328.0,107826.0,31.1,414
74688.0,96708.0,22.8,415
74256.0,102822.0,27.8,416
73728.0,95028.0,22.4,417
73608.0,82014.0,10.2,418
78552.0,120000.0,34.5,419
76302.0,78168.0,2.4,420
73752.0,90492.0,18.5,421
77304.0,91812.0,15.8,422
78048.0,93768.0,16.8,423
80808.0,98892.0,18.3,424
76776.0,106962.0,28.2,425
73824.0,94200.0,21.6,426
78792.0,106446.0,26.0,427
28962.0,29484.0,1.8,428
83022.0,107964.0,23.1,429
83904.0,118428.0,29.2,430
74904.0,120000.0,37.6,431
74160.0,98442.0,24.7,432
78588.0,103458.0,24.0,433
73800.0,89760.0,17.8,434
76836.0,100836.0,23.8,435
74208.0,105876.0,29.9,436
34320.0,34320.0,0.0,437
37854.0,40932.0,7.5,438
77988.0,101154.0,22.9,439
77976.0,102456.0,23.9,440
48960.0,49680.0,1.4,441
74016.0,101352.0,27.0,442
57384.0,59940.0,4.3,443
77550.0,103806.0,25.3,444
61230.0,63876.0,4.1,445
74784.0,110772.0,32.5,446
79170.0,108768.0,27.2,447
81564.0,114948.0,29.0,448
74064.0,96840.0,23.5,449
80820.0,97032.0,16.7,450
77604.0,88140.0,12.0,451
73944.0,97842.0,24.4,452
74424.0,88320.0,15.7,453
74448.0,101436.0,26.6,454
74208.0,104952.0,29.3,455
74472.0,108618.0,31.4,456
83946.0,113340.0,25.9,457
61836.0,64188.0,3.7,458
75126.0,88044.0,14.7,459
78756.0,109512.0,28.1,460
73584.0,80520.0,8.6,461
79908.0,95724.0,16.5,462
74736.0,116472.0,35.8,463
84504.0,104172.0,18.9,464
73752.0,92688.0,20.4,465
83310.0,113532.0,26.6,466
78240.0,114756.0,31.8,467
78708.0,102822.0,23.5,468
75048.0,81864.0,8.3,469
77292.0,79428.0,2.7,470
78198.0,104208.0,25.0,471
77646.0,96168.0,19.3,472
53376.0,57996.0,8.0,473
81888.0,118320.0,30.8,474
77304.0,98250.0,21.3,475
76620.0,118488.0,35.3,476
78456.0,120000.0,34.6,477
74832.0,104658.0,28.5,478
81384.0,100716.0,19.2,479
73728.0,93216.0,20.9,480
88812.0,116514.0,23.8,481
63534.0,67320.0,5.6,482
81558.0,88116.0,7.4,483
77352.0,107814.0,28.3,484
82512.0,90312.0,8.6,485
79404.0,110256.0,28.0,486
74160.0,102264.0,27.5,487
76584.0,105030.0,27.1,488
75000.0,111084.0,32.5,489
77376.0,114744.0,32.6,490
85896.0,109302.0,21.4,491
74208.0,99900.0,25.7,492
82020.0,97992.0,16.3,493
75804.0,101286.0,25.2,494
74448.0,108984.0,31.7,495
79314.0,120000.0,33.9,496
89694.0,108588.0,17.4,497
90072.0,120000.0,24.9,498
80952.0,120000.0,32.5,499
74628.0,80556.0,7.4,500
51444.0,54924.0,6.3,501
75768.0,81006.0,6.5,502
82572.0,120000.0,31.2,503
50328.0,51240.0,1.8,504
79566.0,106620.0,25.4,505
75396.0,92340.0,18.3,506
75540.0,94944.0,20.4,507
83124.0,113640.0,26.9,508
80424.0,108594.0,25.9,509
45036.0,45036.0,0.0,510
76692.0,104238.0,26.4,511
74520.0,112788.0,33.9,512
77328.0,112746.0,31.4,513
85836.0,110142.0,22.1,514
76752.0,79116.0,3.0,515
73176.0,73176.0,0.0,516
76596.0,105930.0,27.7,517
97032.0,106932.0,9.3,518
79380.0,99684.0,20.4,519
84102.0,91296.0,7.9,520
77244.0,100356.0,23.0,521
80646.0,97662.0,17.4,522
83700.0,118932.0,29.6,523
69084.0,72396.0,4.6,524
80016.0,103842.0,22.9,525
78096.0,101916.0,23.4,526
72432.0,73320.0,1.2,527
75168.0,93648.0,19.7,528
77040.0,102732.0,25.0,529
77496.0,115038.0,32.6,530
78396.0,89748.0,12.6,531
80640.0,107538.0,25.0,532
74352.0,100008.0,25.7,533
74544.0,109698.0,32.0,534
77700.0,120000.0,35.3,535
71352.0,76320.0,6.5,536
66420.0,66420.0,0.0,537
83082.0,114156.0,27.2,538
73560.0,82488.0,10.8,539
78420.0,104502.0,25.0,540
80700.0,103380.0,21.9,541
78336.0,103074.0,24.0,542
73512.0,85404.0,13.9,543
46596.0,47532.0,2.0,544
76512.0,107748.0,29.0,545
79926.0,98076.0,18.5,546
74136.0,96828.0,23.4,547
83754.0,106278.0,21.2,548
73464.0,80292.0,8.5,549
75636.0,92196.0,18.0,550
68040.0,70860.0,4.0,551
77652.0,92940.0,16.4,552
78192.0,97032.0,19.4,553
75408.0,120000.0,37.2,554
74496.0,109980.0,32.3,555
79776.0,96984.0,17.7,556
79410.0,102402.0,22.5,557
80148.0,91176.0,12.1,558
77232.0,85140.0,9.3,559
75408.0,120000.0,37.2,560
74352.0,108006.0,31.2,561
77316.0,112680.0,31.4,562
73872.0,96552.0,23.5,563
75126.0,77556.0,3.1,564
74892.0,99618.0,24.8,565
75900.0,78108.0,2.8,566
76896.0,102582.0,25.0,567
58008.0,62436.0,7.1,568
91044.0,115290.0,21.0,569
45228.0,45228.0,0.0,570
86244.0,120000.0,28.1,571
73752.0,94944.0,22.3,572
76206.0,102168.0,25.4,573
78168.0,91536.0,14.6,574
73608.0,90732.0,18.9,575
74664.0,109314.0,31.7,576
74472.0,106422.0,30.0,577
73416.0,80052.0,8.3,578
73512.0,88260.0,16.7,579
74664.0,107496.0,30.5,580
78312.0,102072.0,23.3,581
76224.0,107652.0,29.2,582
74592.0,105156.0,29.1,583
74610.0,80052.0,6.8,584
80928.0,100374.0,19.4,585
80712.0,100206.0,19.5,586
85644.0,116454.0,26.5,587
78192.0,103350.0,24.3,588
80982.0,105696.0,23.4,589
75720.0,101148.0,25.1,590
73728.0,88716.0,16.9,591
77580.0,103224.0,24.8,592
77052.0,109902.0,29.9,593
79260.0,100212.0,20.9,594
74472.0,109644.0,32.1,595
74520.0,110988.0,32.9,596
93108.0,108738.0,14.4,597
78078.0,102438.0,23.8,598
76860.0,98334.0,21.8,599
90150.0,120000.0,24.9,600
75144.0,120000.0,37.4,601
74760.0,93216.0,19.8,602
74712.0,90768.0,17.7,603
76272.0,96372.0,20.9,604
74256.0,98256.0,24.4,605
76986.0,103974.0,26.0,606
76224.0,100008.0,23.8,607
85038.0,106074.0,19.8,608
86676.0,96936.0,10.6,609
68484.0,71076.0,3.6,610
46692.0,47400.0,1.5,611
87216.0,120000.0,27.3,612
74568.0,107994.0,31.0,613
74136.0,100704.0,26.4,614
74184.0,103788.0,28.5,615
77256.0,112806.0,31.5,616
77400.0,92016.0,15.9,617
61980.0,65028.0,4.7,618
84036.0,87360.0,3.8,619
79344.0,111840.0,29.1,620
78456.0,93156.0,15.8,621
77904.0,115974.0,32.8,622
79806.0,109266.0,27.0,623
73680.0,94218.0,21.8,624
76260.0,101934.0,25.2,625
73200.0,77604.0,5.7,626
83160.0,112182.0,25.9,627
76314.0,102222.0,25.3,628
82608.0,99300.0,16.8,629
74688.0,82020.0,8.9,630
73296.0,81564.0,10.1,631
92016.0,120000.0,23.3,632
80952.0,101646.0,20.4,633
76320.0,100530.0,24.1,634
80004.0,118938.0,32.7,635
83460.0,113418.0,26.4,636
77520.0,116370.0,33.4,637
75240.0,120000.0,37.3,638
78000.0,114918.0,32.1,639
81924.0,112644.0,27.3,640
79152.0,96960.0,18.4,641
81948.0,117324.0,30.2,642
77532.0,98964.0,21.7,643
78432.0,101010.0,22.4,644
77412.0,93276.0,17.0,645
75000.0,89124.0,15.8,646
76344.0,99072.0,22.9,647
50640.0,51192.0,1.1,648
76272.0,93696.0,18.6,649
75072.0,85488.0,12.2,650
73656.0,93972.0,21.6,651
79200.0,103194.0,23.3,652
77568.0,106074.0,26.9,653
75498.0,107604.0,29.8,654
77532.0,116286.0,33.3,655
73680.0,88992.0,17.2,656
73344.0,80760.0,9.2,657
77778.0,102822.0,24.4,658
69432.0,69432.0,0.0,659
75024.0,100734.0,25.5,660
75420.0,90210.0,16.4,661
77406.0,112692.0,31.3,662
76104.0,100218.0,24.1,663
81114.0,112332.0,27.8,664
76260.0,76260.0,0.0,665
81468.0,120000.0,32.1,666
73752.0,90516.0,18.5,667
76860.0,109302.0,29.7,668
82986.0,112038.0,25.9,669
77616.0,112362.0,30.9,670
56952.0,56952.0,0.0,671
83784.0,115644.0,27.6,672
74856.0,116796.0,35.9,673
87030.0,116244.0,25.1,674
81498.0,117432.0,30.6,675
77478.0,98148.0,21.1,676
73416.0,83124.0,11.7,677
72660.0,73404.0,1.0,678
77004.0,103428.0,25.5,679
75720.0,108060.0,29.9,680
73968.0,96792.0,23.6,681
80160.0,110238.0,27.3,682
74256.0,103530.0,28.3,683
73152.0,73992.0,1.1,684
77580.0,103488.0,25.0,685
74544.0,109338.0,31.8,686
77160.0,88308.0,12.6,687
84588.0,115230.0,26.6,688
80394.0,118038.0,31.9,689
75180.0,92544.0,18.8,690
73968.0,95640.0,22.7,691
76632.0,120000.0,36.1,692
83358.0,105132.0,20.7,693
76794.0,103890.0,26.1,694
74088.0,101796.0,27.2,695
73608.0,82956.0,11.3,696
76728.0,105750.0,27.4,697
76476.0,104124.0,26.6,698
84924.0,109176.0,22.2,699
74376.0,107328.0,30.7,700
76104.0,88452.0,14.0,701
78024.0,86904.0,10.2,702
81630.0,97074.0,15.9,703
81972.0,117792.0,30.4,704
79344.0,105114.0,24.5,705
77616.0,99936.0,22.3,706
78168.0,81432.0,4.0,707
82902.0,119940.0,30.9,708
75144.0,115218.0,34.8,709
77910.0,84228.0,7.5,710
73344.0,80460.0,8.8,711
74424.0,103998.0,28.4,712
75144.0,103794.0,27.6,713
76116.0,100026.0,23.9,714
76020.0,101970.0,25.4,715
73680.0,90204.0,18.3,716
77976.0,92328.0,15.5,717
81294.0,86832.0,6.4,718
74640.0,115254.0,35.2,719
93780.0,109770.0,14.6,720
90948.0,105054.0,13.4,721
89634.0,112452.0,20.3,722
76608.0,101550.0,24.6,723
50964.0,50964.0,0.0,724
73728.0,83568.0,11.8,725
76896.0,94134.0,18.3,726
80694.0,120000.0,32.8,727
86088.0,112836.0,23.7,728
77136.0,109398.0,29.5,729
73968.0,98982.0,25.3,730
77076.0,115068.0,33.0,731
77400.0,115758.0,33.1,732
80112.0,112128.0,28.6,733
53148.0,55020.0,3.4,734
73776.0,97182.0,24.1,735
76212.0,97848.0,22.1,736
80760.0,105882.0,23.7,737
76554.0,81576.0,6.2,738
76992.0,108786.0,29.2,739
76584.0,105108.0,27.1,740
81264.0,113826.0,28.6,741
89790.0,119088.0,24.6,742
79548.0,89988.0,11.6,743
63996.0,67692.0,5.5,744
57972.0,62292.0,6.9,745
75180.0,102054.0,26.3,746
85944.0,120000.0,28.4,747
80094.0,102960.0,22.2,748
64764.0,66924.0,3.2,749
82716.0,106566.0,22.4,750
73200.0,74280.0,1.5,751
74916.0,79176.0,5.4,752
80304.0,111822.0,28.2,753
76440.0,105600.0,27.6,754
86412.0,112728.0,23.3,755
73344.0,79524.0,7.8,756
75744.0,96924.0,21.9,757
73320.0,78480.0,6.6,758
77292.0,102036.0,24.3,759
74064.0,98574.0,24.9,760
74760.0,112542.0,33.6,761
75012.0,97362.0,23.0,762
76932.0,106380.0,27.7,763
78288.0,100452.0,22.1,764
74760.0,112584.0,33.6,765
70566.0,74952.0,5.9,766
74928.0,119112.0,37.1,767
76902.0,92064.0,16.5,768
77856.0,109572.0,28.9,769
74184.0,104256.0,28.8,770
79104.0,102828.0,23.1,771
77484.0,100056.0,22.6,772
75120.0,99786.0,24.7,773
80718.0,105474.0,23.5,774
73560.0,90840.0,19.0,775
74208.0,100026.0,25.8,776
75708.0,102012.0,25.8,777
75120.0,120000.0,37.4,778
81048.0,102462.0,20.9,779
82116.0,103032.0,20.3,780
68232.0,71976.0,5.2,781
84012.0,120000.0,30.0,782
87744.0,120000.0,26.9,783
83436.0,116310.0,28.3,784
74352.0,106656.0,30.3,785
76314.0,84324.0,9.5,786
74040.0,82188.0,9.9,787
80286.0,98406.0,18.4,788
79350.0,97212.0,18.4,789
79692.0,92664.0,14.0,790
82500.0,113730.0,27.5,791
11568.0,11568.0,0.0,792
77208.0,82536.0,6.5,793
75840.0,85272.0,11.1,794
81966.0,101808.0,19.5,795
76320.0,87624.0,12.9,796
76368.0,109902.0,30.5,797
73512.0,87168.0,15.7,798
60132.0,62832.0,4.3,799
82116.0,107886.0,23.9,800
64356.0,65064.0,1.1,801
77352.0,100956.0,23.4,802
77532.0,96864.0,20.0,803
83460.0,98316.0,15.1,804
73680.0,99942.0,26.3,805
77886.0,98082.0,20.6,806
74184.0,104994.0,29.3,807
75174.0,97608.0,23.0,808
63624.0,63624.0,0.0,809
74712.0,111432.0,33.0,810
80052.0,107736.0,25.7,811
75864.0,98388.0,22.9,812
65832.0,67392.0,2.3,813
75612.0,99708.0,24.2,814
76716.0,87312.0,12.1,815
78822.0,119940.0,34.3,816
65724.0,65724.0,0.0,817
76044.0,105756.0,28.1,818
76224.0,99648.0,23.5,819
76122.0,98214.0,22.5,820
74016.0,93060.0,20.5,821
79884.0,120000.0,33.4,822
82158.0,104190.0,21.1,823
81864.0,107022.0,23.5,824
73992.0,98712.0,25.0,825
75672.0,102612.0,26.3,826
76332.0,90516.0,15.7,827
75888.0,120000.0,36.8,828
39132.0,40356.0,3.0,829
73968.0,95688.0,22.7,830
87300.0,116010.0,24.7,831
76500.0,93690.0,18.3,832
74844.0,87276.0,14.2,833
75360.0,120000.0,37.2,834
74556.0,85050.0,12.3,835
74904.0,97896.0,23.5,836
33468.0,33468.0,0.0,837
76890.0,87288.0,11.9,838
78312.0,103752.0,24.5,839
75264.0,120000.0,37.3,840
78888.0,112314.0,29.8,841
71502.0,74988.0,4.6,842
76992.0,113484.0,32.2,843
78030.0,103368.0,24.5,844
91764.0,111744.0,17.9,845
77640.0,98640.0,21.3,846
74496.0,103800.0,28.2,847
79788.0,99564.0,19.9,848
76536.0,105930.0,27.7,849
75156.0,91872.0,18.2,850
75372.0,103932.0,27.5,851
84408.0,110376.0,23.5,852
77856.0,114984.0,32.3,853
79086.0,105294.0,24.9,854
91518.0,120000.0,23.7,855
76980.0,102192.0,24.7,856
47712.0,53040.0,10.0,857
82740.0,106398.0,22.2,858
91986.0,95832.0,4.0,859
77808.0,82380.0,5.5,860
76236.0,94860.0,19.6,861
80988.0,117240.0,30.9,862
77850.0,109482.0,28.9,863
74016.0,100560.0,26.4,864
77400.0,104952.0,26.3,865
75852.0,80760.0,6.1,866
73704.0,100026.0,26.3,867
73884.0,77088.0,4.2,868
77112.0,105198.0,26.7,869
80892.0,92652.0,12.7,870
83358.0,109308.0,23.7,871
84420.0,105060.0,19.6,872
87450.0,120000.0,27.1,873
77712.0,85884.0,9.5,874
82458.0,100272.0,17.8,875
73896.0,98688.0,25.1,876
79752.0,98634.0,19.1,877
79476.0,98844.0,19.6,878
76152.0,108576.0,29.9,879
79584.0,102348.0,22.2,880
77364.0,98244.0,21.3,881
77850.0,88908.0,12.4,882
74520.0,106530.0,30.0,883
82014.0,120000.0,31.7,884
76944.0,109938.0,30.0,885
79572.0,102906.0,22.7,886
79104.0,99666.0,20.6,887
79464.0,100974.0,21.3,888
65604.0,73980.0,11.3,889
80400.0,120000.0,33.0,890
76536.0,86088.0,11.1,891
73896.0,96948.0,23.8,892
78936.0,81264.0,2.9,893
78576.0,97626.0,19.5,894
81336.0,100140.0,18.8,895
78456.0,119250.0,34.2,896
76632.0,118770.0,35.5,897
78810.0,108822.0,27.6,898
71892.0,72828.0,1.3,899
74952.0,116874.0,35.9,900
78126.0,97434.0,19.8,901
75324.0,92082.0,18.2,902
77676.0,97080.0,20.0,903
76164.0,114894.0,33.7,904
80280.0,106788.0,24.8,905
82692.0,107130.0,22.8,906
74424.0,107028.0,30.5,907
74088.0,95556.0,22.5,908
78486.0,119202.0,34.2,909
75318.0,101208.0,25.6,910
76680.0,104616.0,26.7,911
74202.0,77664.0,4.5,912
79332.0,102030.0,22.2,913
74784.0,91260.0,18.1,914
85032.0,102678.0,17.2,915
79644.0,101820.0,21.8,916
73896.0,94050.0,21.4,917
83472.0,109692.0,23.9,918
81048.0,115320.0,29.7,919
74904.0,119160.0,37.1,920
78732.0,102030.0,22.8,921
75780.0,78696.0,3.7,922
77568.0,118596.0,34.6,923
75756.0,97890.0,22.6,924
81696.0,120000.0,31.9,925
76212.0,100896.0,24.5,926
75912.0,90036.0,15.7,927
73944.0,83232.0,11.2,928
86460.0,106224.0,18.6,929
73944.0,100194.0,26.2,930
73776.0,97992.0,24.7,931
74688.0,92568.0,19.3,932
79296.0,103014.0,23.0,933
75216.0,95244.0,21.0,934
74160.0,105264.0,29.5,935
80538.0,92556.0,13.0,936
78618.0,98520.0,20.2,937
74328.0,105684.0,29.7,938
75420.0,96948.0,22.2,939
99312.0,108822.0,8.7,940
74520.0,110376.0,32.5,941
78072.0,114570.0,31.9,942
74352.0,113880.0,34.7,943
75096.0,90888.0,17.4,944
85710.0,111552.0,23.2,945
79644.0,100194.0,20.5,946
75468.0,91920.0,17.9,947
63900.0,63900.0,0.0,948
75672.0,120000.0,36.9,949
74400.0,106092.0,29.9,950
76632.0,104430.0,26.6,951
75240.0,88260.0,14.8,952
78774.0,120000.0,34.4,953
85716.0,107880.0,20.5,954
79368.0,100644.0,21.1,955
74826.0,79140.0,5.5,956
77784.0,81228.0,4.2,957
74208.0,102456.0,27.6,958
82524.0,110334.0,25.2,959
16488.0,16848.0,2.1,960
82164.0,90720.0,9.4,961
80352.0,90012.0,10.7,962
78096.0,117348.0,33.4,963
78288.0,114738.0,31.8,964
85164.0,120000.0,29.0,965
77520.0,104124.0,25.6,966
78732.0,92160.0,14.6,967
76308.0,106170.0,28.1,968
74712.0,111900.0,33.2,969
74376.0,101940.0,27.0,970
75444.0,76164.0,0.9,971
77976.0,93396.0,16.5,972
75348.0,97518.0,22.7,973
75624.0,102120.0,25.9,974
74856.0,116346.0,35.7,975
76206.0,91524.0,16.7,976
76134.0,100962.0,24.6,977
80796.0,97986.0,17.5,978
73944.0,97194.0,23.9,979
83022.0,99894.0,16.9,980
81156.0,120000.0,32.4,981
74400.0,102924.0,27.7,982
77892.0,97860.0,20.4,983
83394.0,102414.0,18.6,984
74136.0,100200.0,26.0,985
74016.0,82236.0,10.0,986
75858.0,100116.0,24.2,987
78684.0,97920.0,19.6,988
75060.0,84288.0,10.9,989
81972.0,120000.0,31.7,990
75720.0,91644.0,17.4,991
73608.0,90084.0,18.3,992
88752.0,120000.0,26.0,993
74568.0,114408.0,34.8,994
79056.0,120000.0,34.1,995
75600.0,120000.0,37.0,996
74064.0,100056.0,26.0,997
75936.0,101154.0,24.9,998
75636.0,83028.0,8.9,999
75498.0,94314.0,20.0,1000
73440.0,78636.0,6.6,1001
80826.0,89364.0,9.6,1002
76812.0,107580.0,28.6,1003
79632.0,105354.0,24.4,1004
79212.0,114390.0,30.8,1005
76968.0,117504.0,34.5,1006
76044.0,89088.0,14.6,1007
91080.0,108678.0,16.2,1008
75072.0,117714.0,36.2,1009
74592.0,105186.0,29.1,1010
80868.0,86568.0,6.6,1011
74280.0,102600.0,27.6,1012
17064.0,17520.0,2.6,1013
58230.0,61632.0,5.5,1014
78792.0,103932.0,24.2,1015
87258.0,116316.0,25.0,1016
74400.0,112914.0,34.1,1017
74472.0,76164.0,2.2,1018
74016.0,100068.0,26.0,1019
74520.0,105882.0,29.6,1020
79050.0,120000.0,34.1,1021
18318.0,19020.0,3.7,1022
76404.0,106368.0,28.2,1023
80862.0,103092.0,21.6,1024
77364.0,115854.0,33.2,1025
75642.0,101658.0,25.6,1026
75840.0,103200.0,26.5,1027
49332.0,51744.0,4.7,1028
77256.0,116052.0,33.4,1029
78576.0,93936.0,16.4,1030
84852.0,105828.0,19.8,1031
74904.0,75744.0,1.1,1032
77808.0,85740.0,9.3,1033
79296.0,120000.0,33.9,1034
81066.0,101340.0,20.0,1035
79086.0,108756.0,27.3,1036
85938.0,115632.0,25.7,1037
78918.0,87624.0,9.9,1038
77196.0,88140.0,12.4,1039
83520.0,120000.0,30.4,1040
74712.0,109422.0,31.7,1041
76776.0,96924.0,20.8,1042
80784.0,116682.0,30.8,1043
78072.0,93696.0,16.7,1044
25152.0,25896.0,2.9,1045
76248.0,101790.0,25.1,1046
73392.0,76956.0,4.6,1047
77184.0,114828.0,32.8,1048
74280.0,106854.0,30.5,1049
75516.0,76836.0,1.7,1050
78528.0,110754.0,29.1,1051
77352.0,111060.0,30.4,1052
76800.0,100644.0,23.7,1053
82116.0,100026.0,17.9,1054
74544.0,78792.0,5.4,1055
73752.0,97314.0,24.2,1056
77820.0,104232.0,25.3,1057
81012.0,114390.0,29.2,1058
78228.0,99144.0,21.1,1059
73704.0,93720.0,21.4,1060
78924.0,92712.0,14.9,1061
87336.0,120000.0,27.2,1062
79908.0,97044.0,17.7,1063
76446.0,101412.0,24.6,1064
59244.0,60756.0,2.5,1065
81756.0,106470.0,23.2,1066
75804.0,82632.0,8.3,1067
94986.0,118854.0,20.1,1068
84948.0,99072.0,14.3,1069
74232.0,100326.0,26.0,1070
51312.0,51312.0,0.0,1071
75480.0,120000.0,37.1,1072
85278.0,104352.0,18.3,1073
75216.0,117084.0,35.8,1074
76200.0,100194.0,23.9,1075
74616.0,111774.0,33.2,1076
76056.0,91692.0,17.1,1077
60672.0,66252.0,8.4,1078
83592.0,103128.0,18.9,1079
88140.0,110580.0,20.3,1080
80556.0,107298.0,24.9,1081
87108.0,105408.0,17.4,1082
54168.0,58368.0,7.2,1083
74736.0,113034.0,33.9,1084
51312.0,53436.0,4.0,1085
73584.0,91440.0,19.5,1086
74568.0,86568.0,13.9,1087
74880.0,111378.0,32.8,1088
80724.0,111930.0,27.9,1089
77490.0,96132.0,19.4,1090
73944.0,105192.0,29.7,1091
78252.0,117072.0,33.2,1092
48732.0,52440.0,7.1,1093
75576.0,120000.0,37.0,1094
73632.0,96816.0,23.9,1095
72582.0,73704.0,1.5,1096
77118.0,99576.0,22.6,1097
80760.0,107286.0,24.7,1098
76356.0,103896.0,26.5,1099
78516.0,111378.0,29.5,1100
75048.0,118788.0,36.8,1101
76134.0,100242.0,24.0,1102
77784.0,109464.0,28.9,1103
83982.0,96264.0,12.8,1104
75732.0,105774.0,28.4,1105
78234.0,108606.0,28.0,1106
77616.0,114132.0,32.0,1107
76902.0,102552.0,25.0,1108
81816.0,110826.0,26.2,1109
73920.0,93156.0,20.6,1110
74064.0,99630.0,25.7,1111
73824.0,88968.0,17.0,1112
74688.0,111942.0,33.3,1113
75408.0,95760.0,21.3,1114
77784.0,109716.0,29.1,1115
77544.0,86664.0,10.5,1116
79080.0,93792.0,15.7,1117
79092.0,104526.0,24.3,1118
77592.0,101442.0,23.5,1119
79428.0,110046.0,27.8,1120
80016.0,112302.0,28.7,1121
79920.0,107988.0,26.0,1122
75342.0,82860.0,9.1,1123
74520.0,110226.0,32.4,1124
57576.0,61620.0,6.6,1125
74184.0,101964.0,27.2,1126
75072.0,119352.0,37.1,1127
77436.0,115098.0,32.7,1128
37476.0,37980.0,1.3,1129
83400.0,120000.0,30.5,1130
76416.0,110538.0,30.9,1131
82104.0,114168.0,28.1,1132
72840.0,72840.0,0.0,1133
90084.0,114750.0,21.5,1134
74448.0,81300.0,8.4,1135
80478.0,117654.0,31.6,1136
82374.0,113292.0,27.3,1137
79998.0,98334.0,18.6,1138
79524.0,112122.0,29.1,1139
79956.0,111726.0,28.4,1140
76542.0,109950.0,30.4,1141
77160.0,111348.0,30.7,1142
75264.0,104706.0,28.1,1143
46272.0,47448.0,2.5,1144
73896.0,98520.0,25.0,1145
76380.0,95556.0,20.1,1146
81720.0,110190.0,25.8,1147
74544.0,109044.0,31.6,1148
76596.0,89376.0,14.3,1149
98418.0,112020.0,12.1,1150
79218.0,120000.0,34.0,1151
77268.0,102774.0,24.8,1152
84210.0,118440.0,28.9,1153
74448.0,81360.0,8.5,1154
74064.0,101622.0,27.1,1155
72324.0,72876.0,0.8,1156
83196.0,120000.0,30.7,1157
77496.0,112284.0,31.0,1158
75768.0,101628.0,25.4,1159
73560.0,87780.0,16.2,1160
77352.0,110922.0,30.3,1161
78072.0,120000.0,34.9,1162
73656.0,89328.0,17.5,1163
73296.0,77256.0,5.1,1164
73584.0,74700.0,1.5,1165
75228.0,98592.0,23.7,1166
76608.0,96792.0,20.9,1167
73896.0,96948.0,23.8,1168
86628.0,119160.0,27.3,1169
73680.0,86940.0,15.3,1170
80928.0,114636.0,29.4,1171
81036.0,82302.0,1.5,1172
74832.0,116856.0,36.0,1173
73848.0,99162.0,25.5,1174
75144.0,82356.0,8.8,1175
74892.0,105750.0,29.2,1176
80052.0,116148.0,31.1,1177
89970.0,95460.0,5.8,1178
80160.0,105972.0,24.4,1179
77520.0,115578.0,32.9,1180
77028.0,97692.0,21.2,1181
78996.0,89328.0,11.6,1182
80556.0,99072.0,18.7,1183
77610.0,96708.0,19.7,1184
78528.0,98064.0,19.9,1185
81624.0,116346.0,29.8,1186
74706.0,77760.0,3.9,1187
83040.0,106206.0,21.8,1188
77610.0,113868.0,31.8,1189
74280.0,97488.0,23.8,1190
66588.0,70332.0,5.3,1191
75342.0,81144.0,7.2,1192
84600.0,105762.0,20.0,1193
81744.0,120000.0,31.9,1194
74346.0,75744.0,1.8,1195
96240.0,116904.0,17.7,1196
76344.0,109890.0,30.5,1197
79236.0,104418.0,24.1,1198
58392.0,59244.0,1.4,1199
100620.0,120000.0,16.2,1200
76476.0,100608.0,24.0,1201
75744.0,79548.0,4.8,1202
75816.0,96768.0,21.7,1203
75384.0,83100.0,9.3,1204
76680.0,105954.0,27.6,1205
82944.0,120000.0,30.9,1206
74724.0,78252.0,4.5,1207
76512.0,85212.0,10.2,1208
78768.0,99204.0,20.6,1209
73800.0,93084.0,20.7,1210
78792.0,102966.0,23.5,1211
81006.0,119238.0,32.1,1212
74952.0,85788.0,12.6,1213
87084.0,109650.0,20.6,1214
83724.0,120000.0,30.2,1215
75720.0,120000.0,36.9,1216
80832.0,108822.0,25.7,1217
80226.0,105810.0,24.2,1218
78996.0,97884.0,19.3,1219
94956.0,113190.0,16.1,1220
93984.0,119520.0,21.4,1221
77448.0,103086.0,24.9,1222
74688.0,111498.0,33.0,1223
79056.0,106848.0,26.0,1224
81696.0,97692.0,16.4,1225
73848.0,99432.0,25.7,1226
73656.0,87156.0,15.5,1227
76080.0,102468.0,25.8,1228
76008.0,110784.0,31.4,1229
66468.0,70608.0,5.9,1230
76080.0,95304.0,20.2,1231
73968.0,102000.0,27.5,1232
78264.0,113736.0,31.2,1233
75288.0,91032.0,17.3,1234
79908.0,112914.0,29.2,1235
74136.0,101952.0,27.3,1236
74856.0,115086.0,35.0,1237
83640.0,104004.0,19.6,1238
71904.0,73248.0,1.8,1239
74880.0,114996.0,34.9,1240
76524.0,113358.0,32.5,1241
79500.0,91476.0,13.1,1242
75120.0,80412.0,6.6,1243
70248.0,71160.0,1.3,1244
75936.0,101688.0,25.3,1245
76614.0,100158.0,23.5,1246
77754.0,101388.0,23.3,1247
79128.0,120000.0,34.1,1248
75972.0,82236.0,7.6,1249
73896.0,98706.0,25.1,1250
74112.0,102150.0,27.4,1251
82098.0,110508.0,25.7,1252
77160.0,110310.0,30.1,1253
78192.0,98946.0,21.0,1254
76830.0,90480.0,15.1,1255
75264.0,97596.0,22.9,1256
74136.0,104280.0,28.9,1257
76812.0,115242.0,33.3,1258
73656.0,88824.0,17.1,1259
74904.0,82584.0,9.3,1260
80484.0,109710.0,26.6,1261
78672.0,88392.0,11.0,1262
78888.0,107112.0,26.3,1263
75120.0,118848.0,36.8,1264
73728.0,88980.0,17.1,1265
77658.0,107898.0,28.0,1266
81156.0,103650.0,21.7,1267
84420.0,108642.0,22.3,1268
74256.0,97734.0,24.0,1269
73992.0,101016.0,26.8,1270
79086.0,92832.0,14.8,1271
74712.0,111672.0,33.1,1272
74940.0,76032.0,1.4,1273
88392.0,115122.0,23.2,1274
78402.0,101286.0,22.6,1275
76770.0,92280.0,16.8,1276
76134.0,103956.0,26.8,1277
73464.0,79740.0,7.9,1278
82194.0,111318.0,26.2,1279
80376.0,113634.0,29.3,1280
73992.0,103656.0,28.6,1281
74568.0,109194.0,31.7,1282
78912.0,109338.0,27.8,1283
75396.0,107742.0,30.0,1284
75414.0,79632.0,5.3,1285
81438.0,85008.0,4.2,1286
75324.0,87996.0,14.4,1287
73704.0,94896.0,22.3,1288
83688.0,109656.0,23.7,1289
80880.0,94428.0,14.3,1290
78558.0,91788.0,14.4,1291
57708.0,63396.0,9.0,1292
75732.0,91896.0,17.6,1293
79302.0,100314.0,20.9,1294
81708.0,110934.0,26.3,1295
75528.0,96924.0,22.1,1296
74208.0,107580.0,31.0,1297
80064.0,89424.0,10.5,1298
73728.0,99924.0,26.2,1299
76332.0,102048.0,25.2,1300
64476.0,64476.0,0.0,1301
75096.0,85116.0,11.8,1302
74688.0,109146.0,31.6,1303
78588.0,105594.0,25.6,1304
73656.0,91200.0,19.2,1305
88062.0,117312.0,24.9,1306
75378.0,92928.0,18.9,1307
52620.0,54996.0,4.3,1308
77730.0,105852.0,26.6,1309
74976.0,94212.0,20.4,1310
81504.0,119100.0,31.6,1311
77472.0,105402.0,26.5,1312
64602.0,69072.0,6.5,1313
75552.0,81048.0,6.8,1314
82674.0,114678.0,27.9,1315
77718.0,117966.0,34.1,1316
75948.0,111360.0,31.8,1317
45600.0,46464.0,1.9,1318
74784.0,115482.0,35.2,1319
83442.0,86244.0,3.2,1320
79248.0,106176.0,25.4,1321
78024.0,101502.0,23.1,1322
82386.0,113076.0,27.1,1323
67800.0,67800.0,0.0,1324
73896.0,89802.0,17.7,1325
79362.0,109866.0,27.8,1326
82968.0,114558.0,27.6,1327
73752.0,85326.0,13.6,1328
77634.0,88428.0,12.2,1329
74262.0,99756.0,25.6,1330
76830.0,112710.0,31.8,1331
79044.0,120000.0,34.1,1332
78780.0,91224.0,13.6,1333
78936.0,101418.0,22.2,1334
77472.0,100842.0,23.2,1335
87750.0,111792.0,21.5,1336
74856.0,111348.0,32.8,1337
81756.0,86040.0,5.0,1338
89148.0,98460.0,9.5,1339
85062.0,113658.0,25.2,1340
74280.0,106182.0,30.0,1341
79620.0,120000.0,33.7,1342
78216.0,110520.0,29.2,1343
82326.0,118314.0,30.4,1344
81480.0,109410.0,25.5,1345
76584.0,101040.0,24.2,1346
79536.0,107322.0,25.9,1347
80244.0,105126.0,23.7,1348
63684.0,66240.0,3.9,1349
85554.0,120000.0,28.7,1350
63576.0,70896.0,10.3,1351
85794.0,94404.0,9.1,1352
73362.0,75576.0,2.9,1353
78624.0,120000.0,34.5,1354
74568.0,104676.0,28.8,1355
80352.0,84180.0,4.5,1356
86874.0,112680.0,22.9,1357
82008.0,110130.0,25.5,1358
73704.0,91632.0,19.6,1359
74616.0,104400.0,28.5,1360
80028.0,111822.0,28.4,1361
71232.0,71232.0,0.0,1362
86496.0,103404.0,16.4,1363
55674.0,60948.0,8.7,1364
75792.0,105360.0,28.1,1365
78744.0,104622.0,24.7,1366
86370.0,113664.0,24.0,1367
73824.0,99306.0,25.7,1368
77556.0,87684.0,11.6,1369
81486.0,111522.0,26.9,1370
74520.0,106176.0,29.8,1371
77076.0,113226.0,31.9,1372
75204.0,92916.0,19.1,1373
77292.0,107622.0,28.2,1374
73584.0,82812.0,11.1,1375
87858.0,107346.0,18.2,1376
74592.0,114066.0,34.6,1377
74676.0,76056.0,1.8,1378
73872.0,98970.0,25.4,1379
51672.0,52620.0,1.8,1380
74760.0,115170.0,35.1,1381
75204.0,76368.0,1.5,1382
78852.0,99828.0,21.0,1383
77364.0,107616.0,28.1,1384
74064.0,100818.0,26.5,1385
74280.0,104790.0,29.1,1386
66876.0,68352.0,2.2,1387
77454.0,98712.0,21.5,1388
74568.0,96936.0,23.1,1389
81492.0,105198.0,22.5,1390
74280.0,75618.0,1.8,1391
75516.0,99066.0,23.8,1392
53472.0,55272.0,3.3,1393
84642.0,120000.0,29.5,1394
75144.0,115506.0,34.9,1395
78444.0,120000.0,34.6,1396
77100.0,112950.0,31.7,1397
78432.0,119052.0,34.1,1398
78444.0,120000.0,34.6,1399
60300.0,64944.0,7.2,1400
78864.0,90708.0,13.1,1401
73326.0,77052.0,4.8,1402
75360.0,120000.0,37.2,1403
76560.0,90300.0,15.2,1404
81732.0,102426.0,20.2,1405
62022.0,63840.0,2.8,1406
84336.0,119400.0,29.4,1407
51120.0,53244.0,4.0,1408
75876.0,115134.0,34.1,1409
76596.0,89736.0,14.6,1410
81684.0,90444.0,9.7,1411
78624.0,104952.0,25.1,1412
73728.0,94944.0,22.3,1413
81678.0,89724.0,9.0,1414
83016.0,113004.0,26.5,1415
76350.0,94368.0,19.1,1416
81948.0,113412.0,27.7,1417
75000.0,117612.0,36.2,1418
71346.0,74196.0,3.8,1419
79332.0,103794.0,23.6,1420
74544.0,109056.0,31.6,1421
79764.0,102138.0,21.9,1422
77016.0,82332.0,6.5,1423
91596.0,120000.0,23.7,1424
77664.0,90744.0,14.4,1425
41736.0,43740.0,4.6,1426
90408.0,120000.0,24.7,1427
88836.0,120000.0,26.0,1428
77568.0,116196.0,33.2,1429
86016.0,104928.0,18.0,1430
78696.0,111918.0,29.7,1431
73896.0,95796.0,22.9,1432
78924.0,109800.0,28.1,1433
88026.0,120000.0,26.6,1434
76002.0,97686.0,22.2,1435
76356.0,90744.0,15.9,1436
82446.0,95508.0,13.7,1437
78246.0,109584.0,28.6,1438
73350.0,74844.0,2.0,1439
76272.0,99306.0,23.2,1440
74448.0,110874.0,32.9,1441
74856.0,113622.0,34.1,1442
74256.0,99384.0,25.3,1443
32376.0,32376.0,0.0,1444
79260.0,105690.0,25.0,1445
75048.0,120000.0,37.5,1446
80796.0,104574.0,22.7,1447
75096.0,116808.0,35.7,1448
80016.0,97704.0,18.1,1449
76884.0,78732.0,2.3,1450
80526.0,93132.0,13.5,1451
74544.0,109656.0,32.0,1452
75240.0,120000.0,37.3,1453
74304.0,103320.0,28.1,1454
80028.0,112716.0,29.0,1455
77700.0,104040.0,25.3,1456
79608.0,120000.0,33.7,1457
76530.0,79536.0,3.8,1458
79992.0,85728.0,6.7,1459
73656.0,84756.0,13.1,1460
75768.0,75768.0,0.0,1461
80058.0,101070.0,20.8,1462
76980.0,83256.0,7.5,1463
75492.0,75516.0,0.0,1464
73824.0,91176.0,19.0,1465
80184.0,116334.0,31.1,1466
74112.0,103812.0,28.6,1467
85686.0,103290.0,17.0,1468
78828.0,108270.0,27.2,1469
74520.0,105468.0,29.3,1470
76488.0,107424.0,28.8,1471
75780.0,106656.0,28.9,1472
79182.0,105810.0,25.2,1473
29640.0,30240.0,2.0,1474
80334.0,109848.0,26.9,1475
75192.0,80136.0,6.2,1476
75240.0,86784.0,13.3,1477
75456.0,96432.0,21.8,1478
80496.0,103674.0,22.4,1479
74448.0,110730.0,32.8,1480
74760.0,84420.0,11.4,1481
77712.0,111822.0,30.5,1482
82374.0,91032.0,9.5,1483
78996.0,107694.0,26.6,1484
76200.0,89172.0,14.5,1485
90012.0,104232.0,13.6,1486
76740.0,115536.0,33.6,1487
78060.0,109122.0,28.5,1488
74160.0,103566.0,28.4,1489
77856.0,93924.0,17.1,1490
78294.0,93822.0,16.6,1491
76920.0,91296.0,15.7,1492
76392.0,104880.0,27.2,1493
75912.0,96960.0,21.7,1494
74184.0,103494.0,28.3,1495
79656.0,89160.0,10.7,1496
83190.0,110808.0,24.9,1497
77460.0,83604.0,7.3,1498
78396.0,120000.0,34.7,1499
75288.0,83052.0,9.3,1500
86700.0,120000.0,27.8,1501
75894.0,90360.0,16.0,1502
76296.0,89256.0,14.5,1503
81108.0,103296.0,21.5,1504
73512.0,81474.0,9.8,1505
78318.0,90396.0,13.4,1506
73632.0,84612.0,13.0,1507
76104.0,120000.0,36.6,1508
76176.0,93144.0,18.2,1509
73560.0,84840.0,13.3,1510
81120.0,99036.0,18.1,1511
52728.0,53484.0,1.4,1512
77592.0,105792.0,26.7,1513
83232.0,100932.0,17.5,1514
78900.0,102414.0,23.0,1515
80814.0,97530.0,17.1,1516
74412.0,78192.0,4.8,1517
74448.0,106992.0,30.4,1518
78318.0,102870.0,23.9,1519
74592.0,81156.0,8.1,1520
77280.0,105222.0,26.6,1521
83724.0,93096.0,10.1,1522
75264.0,99588.0,24.4,1523
50700.0,50700.0,0.0,1524
76548.0,104298.0,26.6,1525
78348.0,108930.0,28.1,1526
77556.0,87288.0,11.1,1527
36504.0,37032.0,1.4,1528
76020.0,91416.0,16.8,1529
77556.0,112338.0,31.0,1530
73464.0,79068.0,7.1,1531
77328.0,112326.0,31.2,1532
73680.0,93996.0,21.6,1533
78300.0,104760.0,25.3,1534
73872.0,99834.0,26.0,1535
74064.0,100848.0,26.6,1536
82410.0,103980.0,20.7,1537
80490.0,105342.0,23.6,1538
72708.0,75840.0,4.1,1539
74400.0,87084.0,14.6,1540
79050.0,110838.0,28.7,1541
79308.0,107718.0,26.4,1542
73872.0,98292.0,24.8,1543
46116.0,48024.0,4.0,1544
73872.0,89724.0,17.7,1545
75720.0,98442.0,23.1,1546
77058.0,79704.0,3.3,1547
76326.0,101076.0,24.5,1548
76908.0,114102.0,32.6,1549
75264.0,118614.0,36.5,1550
76380.0,107940.0,29.2,1551
78540.0,118572.0,33.8,1552
76878.0,80412.0,4.4,1553
80412.0,108648.0,26.0,1554
73656.0,85152.0,13.5,1555
73944.0,97866.0,24.4,1556
79644.0,105240.0,24.3,1557
80664.0,100404.0,19.7,1558
78096.0,101910.0,23.4,1559
74736.0,114084.0,34.5,1560
73536.0,91428.0,19.6,1561
85848.0,120000.0,28.5,1562
73992.0,93966.0,21.3,1563
76068.0,100638.0,24.4,1564
74472.0,100548.0,25.9,1565
82134.0,88020.0,6.7,1566
81066.0,91458.0,11.4,1567
75906.0,84672.0,10.4,1568
78900.0,120000.0,34.3,1569
74784.0,110592.0,32.4,1570
80790.0,112236.0,28.0,1571
74256.0,76596.0,3.1,1572
77016.0,104406.0,26.2,1573
77190.0,90660.0,14.9,1574
77616.0,89856.0,13.6,1575
74496.0,106608.0,30.1,1576
74688.0,112362.0,33.5,1577
75504.0,102540.0,26.4,1578
76968.0,114588.0,32.8,1579
79728.0,86502.0,7.8,1580
4956.0,5004.0,1.0,1581
74616.0,110238.0,32.3,1582
86574.0,113514.0,23.7,1583
28962.0,31860.0,9.1,1584
79836.0,98598.0,19.0,1585
82518.0,111246.0,25.8,1586
77748.0,98880.0,21.4,1587
73896.0,94722.0,22.0,1588
78768.0,100950.0,22.0,1589
79092.0,98370.0,19.6,1590
74352.0,106152.0,30.0,1591
82656.0,102780.0,19.6,1592
78216.0,118092.0,33.8,1593
70230.0,72912.0,3.7,1594
63600.0,64296.0,1.1,1595
74496.0,108624.0,31.4,1596
81258.0,104556.0,22.3,1597
77304.0,87732.0,11.9,1598
79368.0,103350.0,23.2,1599
73656.0,93636.0,21.3,1600
74592.0,109416.0,31.8,1601
75396.0,86952.0,13.3,1602
82284.0,96864.0,15.1,1603
74184.0,101754.0,27.1,1604
61356.0,64272.0,4.5,1605
76008.0,102384.0,25.8,1606
81294.0,98304.0,17.3,1607
76800.0,102366.0,25.0,1608
77736.0,78384.0,0.8,1609
74328.0,108144.0,31.3,1610
81432.0,110424.0,26.3,1611
56886.0,60960.0,6.7,1612
83490.0,101868.0,18.0,1613
78786.0,87876.0,10.3,1614
87558.0,119100.0,26.5,1615
64662.0,68772.0,6.0,1616
73608.0,85056.0,13.5,1617
75120.0,116466.0,35.5,1618
81384.0,107388.0,24.2,1619
74256.0,102870.0,27.8,1620
76968.0,104634.0,26.4,1621
83586.0,94332.0,11.4,1622
81036.0,94956.0,14.7,1623
71676.0,74400.0,3.7,1624
82548.0,104700.0,21.2,1625
74856.0,118980.0,37.1,1626
76932.0,109326.0,29.6,1627
74112.0,103500.0,28.4,1628
76656.0,106056.0,27.7,1629
74520.0,111114.0,32.9,1630
85830.0,113454.0,24.3,1631
77574.0,84258.0,7.9,1632
85038.0,118176.0,28.0,1633
90444.0,110208.0,17.9,1634
77472.0,107652.0,28.0,1635
85392.0,115446.0,26.0,1636
67020.0,71376.0,6.1,1637
79704.0,107628.0,25.9,1638
61236.0,64368.0,4.9,1639
74280.0,106812.0,30.5,1640
73608.0,82770.0,11.1,1641
78798.0,103902.0,24.2,1642
74448.0,108612.0,31.5,1643
78000.0,103560.0,24.7,1644
73872.0,98100.0,24.7,1645
74808.0,116022.0,35.5,1646
80508.0,104010.0,22.6,1647
77640.0,97848.0,20.7,1648
82536.0,103914.0,20.6,1649
74904.0,118080.0,36.6,1650
73656.0,91056.0,19.1,1651
82908.0,101418.0,18.3,1652
84528.0,113808.0,25.7,1653
79248.0,103908.0,23.7,1654
83232.0,120000.0,30.6,1655
82572.0,106710.0,22.6,1656
74718.0,81840.0,8.7,1657
75048.0,97020.0,22.6,1658
76872.0,111396.0,31.0,1659
73776.0,94824.0,22.2,1660
81240.0,120000.0,32.3,1661
76704.0,105882.0,27.6,1662
74088.0,98400.0,24.7,1663
76854.0,87300.0,12.0,1664
80340.0,88812.0,9.5,1665
83460.0,110550.0,24.5,1666
75648.0,100860.0,25.0,1667
69336.0,70308.0,1.4,1668
74040.0,100200.0,26.1,1669
89520.0,105546.0,15.2,1670
81192.0,117816.0,31.1,1671
74568.0,113268.0,34.2,1672
80754.0,110352.0,26.8,1673
83400.0,104922.0,20.5,1674
93024.0,117762.0,21.0,1675
76116.0,107718.0,29.3,1676
80250.0,120000.0,33.1,1677
74136.0,98478.0,24.7,1678
78468.0,120000.0,34.6,1679
88422.0,108210.0,18.3,1680
79488.0,82788.0,4.0,1681
76512.0,107250.0,28.7,1682
74448.0,108168.0,31.2,1683
75648.0,100548.0,24.8,1684
80472.0,102720.0,21.7,1685
73344.0,78096.0,6.1,1686
75648.0,120000.0,37.0,1687
76104.0,109074.0,30.2,1688
75288.0,98262.0,23.4,1689
75546.0,100668.0,25.0,1690
75108.0,90984.0,17.4,1691
77628.0,93648.0,17.1,1692
75240.0,96972.0,22.4,1693
79104.0,95436.0,17.1,1694
73296.0,73632.0,0.5,1695
77826.0,84780.0,8.2,1696
76032.0,100338.0,24.2,1697
79104.0,108690.0,27.2,1698
55536.0,55536.0,0.0,1699
77628.0,96840.0,19.8,1700
75408.0,119256.0,36.8,1701
75360.0,79698.0,5.4,1702
80040.0,99072.0,19.2,1703
74868.0,85560.0,12.5,1704
73800.0,79278.0,6.9,1705
83466.0,112854.0,26.0,1706
74136.0,103086.0,28.1,1707
75816.0,96060.0,21.1,1708
80394.0,109410.0,26.5,1709
74568.0,110412.0,32.5,1710
73656.0,94200.0,21.8,1711
80220.0,102180.0,21.5,1712
75534.0,83280.0,9.3,1713
82656.0,100494.0,17.8,1714
79008.0,83340.0,5.2,1715
74616.0,110664.0,32.6,1716
74748.0,82032.0,8.9,1717
74868.0,88416.0,15.3,1718
79740.0,111978.0,28.8,1719
92586.0,113700.0,18.6,1720
80232.0,120000.0,33.1,1721
77376.0,101712.0,23.9,1722
83184.0,104202.0,20.2,1723
74052.0,78900.0,6.1,1724
50076.0,50076.0,0.0,1725
70572.0,72084.0,2.1,1726
78102.0,114780.0,32.0,1727
74976.0,118878.0,36.9,1728
18768.0,18984.0,1.1,1729
79662.0,94140.0,15.4,1730
76380.0,83220.0,8.2,1731
74256.0,100854.0,26.4,1732
75180.0,87624.0,14.2,1733
77310.0,82848.0,6.7,1734
81528.0,116808.0,30.2,1735
78024.0,107916.0,27.7,1736
80034.0,90600.0,11.7,1737
74544.0,103608.0,28.1,1738
78156.0,101892.0,23.3,1739
73920.0,100092.0,26.1,1740
74382.0,80040.0,7.1,1741
75288.0,88404.0,14.8,1742
82182.0,104766.0,21.6,1743
77892.0,101562.0,23.3,1744
76968.0,106578.0,27.8,1745
76854.0,100764.0,23.7,1746
75354.0,106218.0,29.1,1747
51216.0,51216.0,0.0,1748
77700.0,114984.0,32.4,1749
78360.0,105228.0,25.5,1750
74064.0,100770.0,26.5,1751
75864.0,109020.0,30.4,1752
77592.0,98340.0,21.1,1753
75000.0,119880.0,37.4,1754
77700.0,105624.0,26.4,1755
82860.0,96312.0,14.0,1756
75192.0,120000.0,37.3,1757
73848.0,93204.0,20.8,1758
73920.0,98388.0,24.9,1759
77136.0,105468.0,26.9,1760
81156.0,99978.0,18.8,1761
73224.0,74538.0,1.8,1762
89790.0,108708.0,17.4,1763
73512.0,84468.0,13.0,1764
77256.0,107988.0,28.5,1765
81228.0,110550.0,26.5,1766
74616.0,111396.0,33.0,1767
74256.0,98778.0,24.8,1768
76914.0,84552.0,9.0,1769
76224.0,91938.0,17.1,1770
85836.0,100914.0,14.9,1771
76080.0,98886.0,23.1,1772
75102.0,93564.0,19.7,1773
74328.0,86148.0,13.7,1774
83562.0,120000.0,30.4,1775
78948.0,111288.0,29.1,1776
30420.0,32136.0,5.3,1777
64854.0,69624.0,6.9,1778
80088.0,81312.0,1.5,1779
73848.0,97812.0,24.5,1780
77064.0,97350.0,20.8,1781
85644.0,113616.0,24.6,1782
75660.0,97626.0,22.5,1783
75636.0,97590.0,22.5,1784
69168.0,69816.0,0.9,1785
85440.0,87648.0,2.5,1786
82704.0,99702.0,17.0,1787
74520.0,102792.0,27.5,1788
74808.0,120000.0,37.7,1789
79068.0,116754.0,32.3,1790
90852.0,120000.0,24.3,1791
75744.0,96468.0,21.5,1792
73704.0,97338.0,24.3,1793
76746.0,104664.0,26.7,1794
77220.0,112638.0,31.4,1795
77268.0,99504.0,22.3,1796
75480.0,93096.0,18.9,1797
78612.0,111510.0,29.5,1798
80556.0,97608.0,17.5,1799
73824.0,97464.0,24.3,1800
79392.0,108690.0,27.0,1801
84432.0,110532.0,23.6,1802
76668.0,110874.0,30.9,1803
76884.0,107916.0,28.8,1804
86472.0,120000.0,27.9,1805
67356.0,68088.0,1.1,1806
73440.0,75204.0,2.3,1807
65484.0,66756.0,1.9,1808
77520.0,110262.0,29.7,1809
76752.0,97206.0,21.0,1810
79512.0,120000.0,33.7,1811
73332.0,74568.0,1.7,1812
60108.0,61296.0,1.9,1813
75348.0,83940.0,10.2,1814
78978.0,120000.0,34.2,1815
74472.0,102996.0,27.7,1816
74496.0,109800.0,32.2,1817
73824.0,91056.0,18.9,1818
73416.0,87072.0,15.7,1819
81576.0,101412.0,19.6,1820
74040.0,99390.0,25.5,1821
78672.0,117582.0,33.1,1822
75192.0,90108.0,16.6,1823
78000.0,120000.0,35.0,1824
81012.0,110370.0,26.6,1825
75984.0,101340.0,25.0,1826
77220.0,95460.0,19.1,1827
37836.0,38772.0,2.4,1828
80568.0,96588.0,16.6,1829
74904.0,119280.0,37.2,1830
82176.0,105588.0,22.2,1831
77832.0,91392.0,14.8,1832
77214.0,78984.0,2.2,1833
77400.0,113658.0,31.9,1834
76656.0,104370.0,26.6,1835
79062.0,89628.0,11.8,1836
80490.0,84660.0,4.9,1837
74736.0,84708.0,11.8,1838
77088.0,79092.0,2.5,1839
57096.0,57096.0,0.0,1840
76224.0,104256.0,26.9,1841
78510.0,101724.0,22.8,1842
76896.0,116928.0,34.2,1843
75198.0,82728.0,9.1,1844
78816.0,111510.0,29.3,1845
82104.0,111990.0,26.7,1846
78324.0,87624.0,10.6,1847
74730.0,99252.0,24.7,1848
86244.0,115548.0,25.4,1849
83568.0,120000.0,30.4,1850
73128.0,74988.0,2.5,1851
91404.0,101748.0,10.2,1852
76488.0,111300.0,31.3,1853
73992.0,94848.0,22.0,1854
77598.0,92580.0,16.2,1855
79056.0,107292.0,26.3,1856
75210.0,84300.0,10.8,1857
75384.0,120000.0,37.2,1858
86688.0,113688.0,23.7,1859
75240.0,94854.0,20.7,1860
75612.0,103656.0,27.1,1861
77304.0,105666.0,26.8,1862
77076.0,113376.0,32.0,1863
77424.0,114810.0,32.6,1864
76560.0,101334.0,24.4,1865
80988.0,100800.0,19.7,1866
74568.0,114636.0,35.0,1867
81744.0,98730.0,17.2,1868
76524.0,107658.0,28.9,1869
70596.0,73800.0,4.3,1870
82206.0,101076.0,18.7,1871
74436.0,75888.0,1.9,1872
77616.0,79668.0,2.6,1873
73728.0,92964.0,20.7,1874
78924.0,103434.0,23.7,1875
78444.0,112014.0,30.0,1876
74892.0,82740.0,9.5,1877
77838.0,79824.0,2.5,1878
73464.0,81936.0,10.3,1879
74028.0,81468.0,9.1,1880
75048.0,111960.0,33.0,1881
74352.0,108942.0,31.8,1882
77688.0,102942.0,24.5,1883
78774.0,92418.0,14.8,1884
83160.0,112878.0,26.3,1885
80892.0,105240.0,23.1,1886
78324.0,119460.0,34.4,1887
83580.0,113208.0,26.2,1888
79086.0,102600.0,22.9,1889
75900.0,97038.0,21.8,1890
74760.0,112212.0,33.4,1891
81336.0,116130.0,30.0,1892
80148.0,110154.0,27.2,1893
79560.0,120000.0,33.7,1894
76200.0,96288.0,20.9,1895
76080.0,94548.0,19.5,1896
80460.0,108684.0,26.0,1897
80268.0,108720.0,26.2,1898
81732.0,98946.0,17.4,1899
86568.0,106542.0,18.7,1900
64320.0,66540.0,3.3,1901
84192.0,114756.0,26.6,1902
74868.0,76368.0,2.0,1903
73368.0,79488.0,7.7,1904
73776.0,96888.0,23.9,1905
73680.0,82392.0,10.6,1906
81840.0,91776.0,10.8,1907
84720.0,102120.0,17.0,1908
92256.0,118752.0,22.3,1909
81390.0,120000.0,32.2,1910
79536.0,120000.0,33.7,1911
81948.0,119760.0,31.6,1912
78156.0,120000.0,34.9,1913
74568.0,112518.0,33.7,1914
78756.0,97872.0,19.5,1915
92490.0,120000.0,22.9,1916
76560.0,98448.0,22.2,1917
71088.0,71088.0,0.0,1918
77376.0,84216.0,8.1,1919
83424.0,104880.0,20.5,1920
74376.0,103284.0,28.0,1921
79188.0,89088.0,11.1,1922
87378.0,113094.0,22.7,1923
75564.0,99552.0,24.1,1924
74304.0,104310.0,28.8,1925
74856.0,82992.0,9.8,1926
77016.0,117510.0,34.5,1927
78474.0,92328.0,15.0,1928
76932.0,112212.0,31.4,1929
83628.0,112188.0,25.5,1930
77640.0,83304.0,6.8,1931
80550.0,90438.0,10.9,1932
75660.0,105954.0,28.6,1933
73776.0,95124.0,22.4,1934
79860.0,99012.0,19.3,1935
78756.0,93036.0,15.3,1936
87042.0,106500.0,18.3,1937
75180.0,98484.0,23.7,1938
74400.0,104568.0,28.9,1939
79044.0,101532.0,22.1,1940
74712.0,112848.0,33.8,1941
75540.0,89580.0,15.7,1942
77904.0,96576.0,19.3,1943
91176.0,118488.0,23.1,1944
73368.0,90768.0,19.2,1945
74826.0,100878.0,25.8,1946
81060.0,108390.0,25.2,1947
78312.0,116988.0,33.1,1948
76224.0,79968.0,4.7,1949
78948.0,108690.0,27.4,1950
78582.0,120000.0,34.5,1951
73296.0,74250.0,1.3,1952
73992.0,98016.0,24.5,1953
74112.0,100494.0,26.3,1954
48636.0,48636.0,0.0,1955
80880.0,102978.0,21.5,1956
78528.0,79116.0,0.7,1957
82116.0,112380.0,26.9,1958
75564.0,88344.0,14.5,1959
73752.0,93576.0,21.2,1960
74736.0,87708.0,14.8,1961
74712.0,115164.0,35.1,1962
74064.0,101298.0,26.9,1963
73512.0,89256.0,17.6,1964
79626.0,97704.0,18.5,1965
75648.0,108504.0,30.3,1966
74400.0,105090.0,29.2,1967
86988.0,113490.0,23.4,1968
73824.0,93804.0,21.3,1969
78600.0,120000.0,34.5,1970
81972.0,106506.0,23.0,1971
80040.0,113358.0,29.4,1972
75840.0,98040.0,22.6,1973
85386.0,117978.0,27.6,1974
78360.0,120000.0,34.7,1975
74904.0,84708.0,11.6,1976
16524.0,16524.0,0.0,1977
80736.0,118794.0,32.0,1978
80316.0,108624.0,26.1,1979
74076.0,74964.0,1.2,1980
73968.0,102576.0,27.9,1981
79356.0,81480.0,2.6,1982
74424.0,89484.0,16.8,1983
73392.0,83016.0,11.6,1984
66624.0,68568.0,2.8,1985
77940.0,108252.0,28.0,1986
44496.0,44496.0,0.0,1987
76872.0,95592.0,19.6,1988
77328.0,83544.0,7.4,1989
76368.0,81288.0,6.1,1990
75276.0,85764.0,12.2,1991
79842.0,117930.0,32.3,1992
74136.0,98016.0,24.4,1993
74472.0,105360.0,29.3,1994
83808.0,120000.0,30.2,1995
76224.0,96972.0,21.4,1996
75288.0,89064.0,15.5,1997
75888.0,86046.0,11.8,1998
76068.0,97770.0,22.2,1999
77352.0,116304.0,33.5,2000
81048.0,120000.0,32.5,2001
75264.0,89076.0,15.5,2002
76176.0,76176.0,0.0,2003
77190.0,86016.0,10.3,2004
74484.0,77556.0,4.0,2005
77184.0,109992.0,29.8,2006
78030.0,98334.0,20.6,2007
74472.0,102954.0,27.7,2008
80004.0,109638.0,27.0,2009
86556.0,111420.0,22.3,2010
82872.0,106554.0,22.2,2011
81630.0,118080.0,30.9,2012
75144.0,81336.0,7.6,2013
77232.0,107034.0,27.8,2014
77412.0,102582.0,24.5,2015
79704.0,112806.0,29.3,2016
68976.0,75216.0,8.3,2017
73752.0,93684.0,21.3,2018
80940.0,110808.0,27.0,2019
73344.0,80652.0,9.1,2020
76272.0,81018.0,5.9,2021
78204.0,115836.0,32.5,2022
78660.0,97362.0,19.2,2023
77454.0,99114.0,21.9,2024
76368.0,101178.0,24.5,2025
81840.0,107544.0,23.9,2026
77292.0,91176.0,15.2,2027
76950.0,88344.0,12.9,2028
75948.0,103986.0,27.0,2029
31734.0,33780.0,6.1,2030
73800.0,83508.0,11.6,2031
73860.0,76596.0,3.6,2032
74592.0,103506.0,27.9,2033
74520.0,109602.0,32.0,2034
80280.0,114948.0,30.2,2035
79224.0,120000.0,34.0,2036
76584.0,97962.0,21.8,2037
86028.0,112086.0,23.2,2038
74136.0,101610.0,27.0,2039
86112.0,110508.0,22.1,2040
57708.0,57708.0,0.0,2041
74592.0,112236.0,33.5,2042
73944.0,89352.0,17.2,2043
75180.0,100284.0,25.0,2044
79212.0,93540.0,15.3,2045
75624.0,102312.0,26.1,2046
76374.0,87720.0,12.9,2047
82488.0,116178.0,29.0,2048
81108.0,94044.0,13.8,2049
36174.0,37128.0,2.6,2050
75528.0,99636.0,24.2,2051
75672.0,98694.0,23.3,2052
76068.0,116772.0,34.9,2053
76968.0,97080.0,20.7,2054
77136.0,113262.0,31.9,2055
79788.0,101100.0,21.1,2056
74208.0,103812.0,28.5,2057
79674.0,104946.0,24.1,2058
73752.0,83016.0,11.2,2059
83364.0,120000.0,30.5,2060
83430.0,104766.0,20.4,2061
73368.0,73704.0,0.5,2062
75504.0,101052.0,25.3,2063
69612.0,69612.0,0.0,2064
80976.0,105612.0,23.3,2065
76140.0,106062.0,28.2,2066
72432.0,72432.0,0.0,2067
74598.0,79296.0,5.9,2068
74592.0,111048.0,32.8,2069
80202.0,114942.0,30.2,2070
77736.0,97056.0,19.9,2071
81264.0,100200.0,18.9,2072
83544.0,109692.0,23.8,2073
77376.0,99462.0,22.2,2074
77514.0,90996.0,14.8,2075
73584.0,87204.0,15.6,2076
80178.0,108774.0,26.3,2077
81870.0,106302.0,23.0,2078
82584.0,102936.0,19.8,2079
75108.0,100464.0,25.2,2080
76824.0,111834.0,31.3,2081
73968.0,101544.0,27.2,2082
73920.0,94368.0,21.7,2083
73848.0,93768.0,21.2,2084
75360.0,87480.0,13.9,2085
75432.0,118746.0,36.5,2086
30288.0,31464.0,3.7,2087
74064.0,101310.0,26.9,2088
76038.0,77280.0,1.6,2089
76644.0,89160.0,14.0,2090
84312.0,117288.0,28.1,2091
83028.0,120000.0,30.8,2092
80262.0,101532.0,20.9,2093
73992.0,103584.0,28.6,2094
75096.0,114948.0,34.7,2095
78804.0,112656.0,30.0,2096
76752.0,99138.0,22.6,2097
54300.0,54804.0,0.9,2098
78834.0,98610.0,20.1,2099
73704.0,98784.0,25.4,2100
76074.0,77388.0,1.7,2101
73896.0,97554.0,24.3,2102
76260.0,103002.0,26.0,2103
76176.0,78852.0,3.4,2104
75936.0,103776.0,26.8,2105
81480.0,93204.0,12.6,2106
82344.0,103446.0,20.4,2107
75894.0,99042.0,23.4,2108
79776.0,100038.0,20.3,2109
86664.0,114276.0,24.2,2110
80124.0,103860.0,22.9,2111
74544.0,112056.0,33.5,2112
84030.0,111774.0,24.8,2113
74784.0,77076.0,3.0,2114
73824.0,98136.0,24.8,2115
78954.0,116028.0,32.0,2116
81420.0,85716.0,5.0,2117
78252.0,98700.0,20.7,2118
75144.0,117192.0,35.9,2119
82374.0,116760.0,29.5,2120
65784.0,69684.0,5.6,2121
77376.0,98412.0,21.4,2122
97608.0,118176.0,17.4,2123
82758.0,107664.0,23.1,2124
81288.0,115812.0,29.8,2125
74472.0,107172.0,30.5,2126
74652.0,81516.0,8.4,2127
58548.0,59712.0,1.9,2128
79998.0,113052.0,29.2,2129
78474.0,103440.0,24.1,2130
74814.0,82416.0,9.2,2131
76056.0,95676.0,20.5,2132
93138.0,120000.0,22.4,2133
76506.0,107406.0,28.8,2134
75780.0,101388.0,25.3,2135
80862.0,106092.0,23.8,2136
79200.0,103122.0,23.2,2137
73512.0,86040.0,14.6,2138
77316.0,117468.0,34.2,2139
77106.0,102870.0,25.0,2140
84066.0,109710.0,23.4,2141
74808.0,90396.0,17.2,2142
76452.0,99294.0,23.0,2143
74376.0,103722.0,28.3,2144
61332.0,64296.0,4.6,2145
76728.0,96864.0,20.8,2146
75828.0,103392.0,26.7,2147
72204.0,72204.0,0.0,2148
78108.0,119466.0,34.6,2149
75156.0,90024.0,16.5,2150
75000.0,115416.0,35.0,2151
77040.0,108612.0,29.1,2152
81852.0,101670.0,19.5,2153
74208.0,102882.0,27.9,2154
80244.0,108624.0,26.1,2155
77898.0,98358.0,20.8,2156
74112.0,98136.0,24.5,2157
84156.0,109908.0,23.4,2158
77712.0,120000.0,35.2,2159
74184.0,105288.0,29.5,2160
74880.0,118272.0,36.7,2161
78504.0,116166.0,32.4,2162
76410.0,79812.0,4.3,2163
75072.0,83352.0,9.9,2164
81000.0,114522.0,29.3,2165
78936.0,95148.0,17.0,2166
80268.0,102924.0,22.0,2167
76320.0,82224.0,7.2,2168
77436.0,108078.0,28.4,2169
78648.0,110802.0,29.0,2170
74136.0,102900.0,28.0,2171
74304.0,104592.0,29.0,2172
80208.0,99168.0,19.1,2173
78012.0,100920.0,22.7,2174
75972.0,104376.0,27.2,2175
74496.0,106590.0,30.1,2176
75504.0,120000.0,37.1,2177
78480.0,109038.0,28.0,2178
75612.0,101460.0,25.5,2179
63792.0,66180.0,3.6,2180
80880.0,107754.0,24.9,2181
83112.0,113100.0,26.5,2182
75660.0,102870.0,26.5,2183
73824.0,89652.0,17.7,2184
74496.0,79932.0,6.8,2185
85656.0,101394.0,15.5,2186
81240.0,107940.0,24.7,2187
77892.0,107862.0,27.8,2188
77928.0,106926.0,27.1,2189
73464.0,76836.0,4.4,2190
78678.0,111330.0,29.3,2191
73896.0,99744.0,25.9,2192
73584.0,87312.0,15.7,2193
78978.0,112788.0,30.0,2194
77844.0,110880.0,29.8,2195
74052.0,75756.0,2.2,2196
75750.0,101376.0,25.3,2197
74784.0,95940.0,22.1,2198
76572.0,99942.0,23.4,2199
78108.0,84462.0,7.5,2200
79212.0,112878.0,29.8,2201
77652.0,105354.0,26.3,2202
78222.0,105222.0,25.7,2203
80496.0,120000.0,32.9,2204
74856.0,119184.0,37.2,2205
74328.0,103200.0,28.0,2206
78504.0,110262.0,28.8,2207
59400.0,62748.0,5.3,2208
59472.0,63420.0,6.2,2209
78960.0,108132.0,27.0,2210
85704.0,107082.0,20.0,2211
78936.0,102636.0,23.1,2212
77052.0,111540.0,30.9,2213
75816.0,85548.0,11.4,2214
87702.0,119082.0,26.4,2215
75096.0,120000.0,37.4,2216
47010.0,48684.0,3.4,2217
76836.0,101622.0,24.4,2218
64704.0,66696.0,3.0,2219
61944.0,71064.0,12.8,2220
80496.0,94848.0,15.1,2221
78864.0,110982.0,28.9,2222
81780.0,113568.0,28.0,2223
79674.0,107400.0,25.8,2224
76368.0,98184.0,22.2,2225
77136.0,101520.0,24.0,2226
73320.0,76896.0,4.7,2227
73632.0,87036.0,15.4,2228
73488.0,83268.0,11.7,2229
74208.0,99984.0,25.8,2230
73320.0,80916.0,9.4,2231
79356.0,111168.0,28.6,2232
80256.0,114132.0,29.7,2233
80760.0,112224.0,28.0,2234
77136.0,91764.0,15.9,2235
79554.0,113568.0,30.0,2236
74016.0,97188.0,23.8,2237
74088.0,99954.0,25.9,2238
76728.0,100800.0,23.9,2239
82080.0,120000.0,31.6,2240
79476.0,104010.0,23.6,2241
77520.0,111246.0,30.3,2242
74664.0,113280.0,34.1,2243
73704.0,94260.0,21.8,2244
87984.0,109902.0,19.9,2245
64644.0,64644.0,0.0,2246
74424.0,102150.0,27.1,2247
76992.0,98208.0,21.6,2248
86868.0,113562.0,23.5,2249
74760.0,76476.0,2.2,2250
79896.0,112506.0,29.0,2251
75168.0,81528.0,7.8,2252
74844.0,85716.0,12.7,2253
78732.0,117516.0,33.0,2254
76572.0,113250.0,32.4,2255
77280.0,103872.0,25.6,2256
76722.0,102060.0,24.8,2257
74856.0,101112.0,26.0,2258
59610.0,64872.0,8.1,2259
78600.0,97128.0,19.1,2260
82788.0,107934.0,23.3,2261
91116.0,120000.0,24.1,2262
58332.0,60420.0,3.5,2263
76608.0,113352.0,32.4,2264
79752.0,120000.0,33.5,2265
74160.0,101568.0,27.0,2266
75096.0,114774.0,34.6,2267
69108.0,69108.0,0.0,2268
81624.0,109296.0,25.3,2269
74940.0,76176.0,1.6,2270
88284.0,114678.0,23.0,2271
38976.0,39372.0,1.0,2272
76704.0,109176.0,29.7,2273
77148.0,104598.0,26.2,2274
76992.0,98124.0,21.5,2275
87210.0,107460.0,18.8,2276
85992.0,114138.0,24.7,2277
48372.0,48372.0,0.0,2278
21672.0,22128.0,2.1,2279
77166.0,110736.0,30.3,2280
75072.0,90918.0,17.4,2281
79236.0,112974.0,29.9,2282
75972.0,100476.0,24.4,2283
80478.0,91128.0,11.7,2284
67920.0,72288.0,6.0,2285
81156.0,95340.0,14.9,2286
74688.0,114018.0,34.5,2287
87798.0,110832.0,20.8,2288
76596.0,115626.0,33.8,2289
37644.0,38868.0,3.1,2290
84072.0,89040.0,5.6,2291
73464.0,87432.0,16.0,2292
77700.0,99498.0,21.9,2293
73680.0,85008.0,13.3,2294
78168.0,100644.0,22.3,2295
71424.0,73284.0,2.5,2296
88044.0,100416.0,12.3,2297
62100.0,62100.0,0.0,2298
76368.0,101586.0,24.8,2299
76422.0,86952.0,12.1,2300
78930.0,97656.0,19.2,2301
74856.0,115488.0,35.2,2302
74784.0,118038.0,36.6,2303
73536.0,90252.0,18.5,2304
80862.0,109218.0,26.0,2305
76008.0,100128.0,24.1,2306
83880.0,106668.0,21.4,2307
77136.0,94896.0,18.7,2308
65076.0,65076.0,0.0,2309
50076.0,54144.0,7.5,2310
67392.0,72192.0,6.6,2311
56976.0,58128.0,2.0,2312
74640.0,103902.0,28.2,2313
80370.0,104262.0,22.9,2314
76368.0,88236.0,13.5,2315
85356.0,107862.0,20.9,2316
77448.0,113610.0,31.8,2317
77148.0,116214.0,33.6,2318
79074.0,104874.0,24.6,2319
80088.0,110916.0,27.8,2320
73512.0,81288.0,9.6,2321
78024.0,120000.0,35.0,2322
83880.0,84972.0,1.3,2323
75792.0,99864.0,24.1,2324
75660.0,91584.0,17.4,2325
76392.0,99420.0,23.2,2326
74220.0,82326.0,9.8,2327
78252.0,115080.0,32.0,2328
78840.0,104244.0,24.4,2329
62778.0,64524.0,2.7,2330
81264.0,91728.0,11.4,2331
73944.0,87804.0,15.8,2332
76302.0,88914.0,14.2,2333
57918.0,66156.0,12.5,2334
80088.0,92568.0,13.5,2335
73440.0,82140.0,10.6,2336
68112.0,73188.0,6.9,2337
76488.0,112806.0,32.2,2338
74160.0,101352.0,26.8,2339
75432.0,85044.0,11.3,2340
56136.0,56136.0,0.0,2341
75168.0,93264.0,19.4,2342
76584.0,115344.0,33.6,2343
78480.0,101580.0,22.7,2344
74808.0,112806.0,33.7,2345
81168.0,108054.0,24.9,2346
78480.0,91164.0,13.9,2347
88668.0,107022.0,17.1,2348
78744.0,117228.0,32.8,2349
78876.0,88884.0,11.3,2350
54708.0,60552.0,9.7,2351
77388.0,80592.0,4.0,2352
79428.0,120000.0,33.8,2353
74712.0,115608.0,35.4,2354
83526.0,96408.0,13.4,2355
77508.0,112470.0,31.1,2356
74688.0,114984.0,35.0,2357
73680.0,85008.0,13.3,2358
78054.0,108660.0,28.2,2359
74640.0,106926.0,30.2,2360
78288.0,100542.0,22.1,2361
83580.0,117756.0,29.0,2362
74256.0,103902.0,28.5,2363
79494.0,92784.0,14.3,2364
74496.0,111264.0,33.0,2365
61632.0,65784.0,6.3,2366
74496.0,110292.0,32.5,2367
79362.0,120000.0,33.9,2368
76296.0,98028.0,22.2,2369
77088.0,116418.0,33.8,2370
76236.0,104034.0,26.7,2371
82620.0,116142.0,28.9,2372
86130.0,106650.0,19.2,2373
74304.0,105252.0,29.4,2374
75780.0,75864.0,0.1,2375
89088.0,110232.0,19.2,2376
82212.0,105690.0,22.2,2377
74328.0,98850.0,24.8,2378
84444.0,102672.0,17.8,2379
80568.0,106458.0,24.3,2380
76464.0,112236.0,31.9,2381
75024.0,82056.0,8.6,2382
59292.0,59292.0,0.0,2383
54522.0,56196.0,3.0,2384
79950.0,99474.0,19.6,2385
66444.0,67068.0,0.9,2386
73512.0,78156.0,5.9,2387
83016.0,118680.0,30.1,2388
52068.0,52788.0,1.4,2389
74352.0,101112.0,26.5,2390
77772.0,100302.0,22.5,2391
77916.0,109902.0,29.1,2392
80718.0,103458.0,22.0,2393
84792.0,113640.0,25.4,2394
74688.0,111636.0,33.1,2395
75672.0,120000.0,36.9,2396
81546.0,110580.0,26.3,2397
77460.0,113472.0,31.7,2398
74736.0,111648.0,33.1,2399
74544.0,111642.0,33.2,2400
53406.0,55224.0,3.3,2401
76548.0,88740.0,13.7,2402
75378.0,78000.0,3.4,2403
56316.0,57012.0,1.2,2404
78936.0,100266.0,21.3,2405
81456.0,118338.0,31.2,2406
74088.0,79908.0,7.3,2407
77304.0,85800.0,9.9,2408
76212.0,99552.0,23.4,2409
86556.0,114222.0,24.2,2410
79542.0,108582.0,26.7,2411
82212.0,111336.0,26.2,2412
74016.0,101430.0,27.0,2413
73872.0,92508.0,20.1,2414
74016.0,101580.0,27.1,2415
76368.0,107322.0,28.8,2416
76644.0,109914.0,30.3,2417
75492.0,103554.0,27.1,2418
77208.0,108222.0,28.7,2419
76848.0,105900.0,27.4,2420
85920.0,113118.0,24.0,2421
76020.0,101646.0,25.2,2422
76920.0,104244.0,26.2,2423
73632.0,83220.0,11.5,2424
74640.0,111156.0,32.9,2425
79656.0,108918.0,26.9,2426
76512.0,83388.0,8.2,2427
76626.0,97344.0,21.3,2428
75408.0,120000.0,37.2,2429
54594.0,55692.0,2.0,2430
80556.0,102744.0,21.6,2431
79560.0,115122.0,30.9,2432
74736.0,110136.0,32.1,2433
48642.0,53556.0,9.2,2434
69864.0,75732.0,7.7,2435
80724.0,115482.0,30.1,2436
73920.0,82320.0,10.2,2437
74016.0,97596.0,24.2,2438
78660.0,97986.0,19.7,2439
75408.0,119280.0,36.8,2440
78612.0,92148.0,14.7,2441
79938.0,120000.0,33.4,2442
24516.0,24708.0,0.8,2443
80700.0,103146.0,21.8,2444
80304.0,102984.0,22.0,2445
74184.0,104850.0,29.2,2446
80064.0,100704.0,20.5,2447
74544.0,110154.0,32.3,2448
74880.0,115758.0,35.3,2449
77292.0,100668.0,23.2,2450
73320.0,77160.0,5.0,2451
74472.0,109818.0,32.2,2452
79764.0,84996.0,6.2,2453
13752.0,14112.0,2.6,2454
55038.0,56952.0,3.4,2455
81624.0,109110.0,25.2,2456
76476.0,93588.0,18.3,2457
53832.0,54600.0,1.4,2458
75384.0,91200.0,17.3,2459
74736.0,112764.0,33.7,2460
73992.0,91608.0,19.2,2461
78138.0,91092.0,14.2,2462
81780.0,114630.0,28.7,2463
32982.0,35100.0,6.0,2464
74544.0,110514.0,32.5,2465
77160.0,117438.0,34.3,2466
88578.0,117006.0,24.3,2467
77736.0,83268.0,6.6,2468
87828.0,108618.0,19.1,2469
76692.0,91056.0,15.8,2470
83400.0,112572.0,25.9,2471
76752.0,110730.0,30.7,2472
87024.0,97272.0,10.5,2473
77736.0,104790.0,25.8,2474
77316.0,115374.0,33.0,2475
56916.0,56916.0,0.0,2476
73920.0,93768.0,21.2,2477
76668.0,105384.0,27.2,2478
82656.0,108126.0,23.6,2479
77520.0,110916.0,30.1,2480
80028.0,89880.0,11.0,2481
90168.0,109320.0,17.5,2482
73200.0,77784.0,5.9,2483
74736.0,84456.0,11.5,2484
81012.0,111204.0,27.2,2485
76308.0,89016.0,14.3,2486
77562.0,85176.0,8.9,2487
77640.0,114168.0,32.0,2488
73992.0,99270.0,25.5,2489
84168.0,85464.0,1.5,2490
59604.0,59604.0,0.0,2491
77616.0,107010.0,27.5,2492
77088.0,88812.0,13.2,2493
91188.0,120000.0,24.0,2494
80214.0,102108.0,21.4,2495
81816.0,118818.0,31.1,2496
78084.0,101634.0,23.2,2497
74400.0,97920.0,24.0,2498
79662.0,84378.0,5.6,2499
83886.0,104106.0,19.4,2501
78960.0,101454.0,22.2,2500
